Raw Input, Filtered Output
0.252056, 0.100823
0.825422, 0.405786
1.234930, 0.792010
0.946639, 0.939424
0.273494, 0.735520
-0.647841, 0.177003
-0.899433, -0.343017
-0.476638, -0.515372
0.083333, -0.340654
0.873298, 0.156656
1.143219, 0.643308
0.895768, 0.860434
0.109434, 0.632644
-0.553087, 0.148736
-0.714331, -0.283034
-0.432248, -0.442084
0.190714, -0.246092
0.922297, 0.240596
1.042481, 0.652883
0.889197, 0.850341
